EdgeBetweenness,interaction,name,selected,shared interaction,shared name,stringdb::coexpression,stringdb::cooccurrence,stringdb::databases,stringdb::experiments,stringdb::fusion,stringdb::interspecies,stringdb::neighborhood,stringdb::score,stringdb::textmining,source,target
2.0,pp,9606.ENSP00000168712 (pp) 9606.ENSP00000334122,false,pp,9606.ENSP00000168712 (pp) 9606.ENSP00000334122,0.085,0.119,0.4,,,,,0.607,0.284,9606.ENSP00000168712,9606.ENSP00000334122
7.3000000000000025,pp,9606.ENSP00000168712 (pp) 9606.ENSP00000242261,false,pp,9606.ENSP00000168712 (pp) 9606.ENSP00000242261,0.067,,,,,,,0.421,0.406,9606.ENSP00000168712,9606.ENSP00000242261
35.74761904761905,pp,9606.ENSP00000168712 (pp) 9606.ENSP00000323588,false,pp,9606.ENSP00000168712 (pp) 9606.ENSP00000323588,0.083,,,,,,,0.865,0.86,9606.ENSP00000168712,9606.ENSP00000323588
2.0,pp,9606.ENSP00000168712 (pp) 9606.ENSP00000215530,false,pp,9606.ENSP00000168712 (pp) 9606.ENSP00000215530,0.062,0.111,0.4,,,,,0.511,0.139,9606.ENSP00000168712,9606.ENSP00000215530
38.95238095238094,pp,9606.ENSP00000168712 (pp) 9606.ENSP00000410294,false,pp,9606.ENSP00000168712 (pp) 9606.ENSP00000410294,,,0.9,0.484,,,,0.999,0.995,9606.ENSP00000168712,9606.ENSP00000410294
16.628195488721786,pp,9606.ENSP00000292035 (pp) 9606.ENSP00000417235,false,pp,9606.ENSP00000292035 (pp) 9606.ENSP00000417235,,,0.54,0.195,,,,0.761,0.408,9606.ENSP00000292035,9606.ENSP00000417235
8.887395937395937,pp,9606.ENSP00000292035 (pp) 9606.ENSP00000363193,false,pp,9606.ENSP00000292035 (pp) 9606.ENSP00000363193,0.109,,0.8,0.994,,,,0.999,0.693,9606.ENSP00000292035,9606.ENSP00000363193
2.7,pp,9606.ENSP00000292035 (pp) 9606.ENSP00000297347,false,pp,9606.ENSP00000292035 (pp) 9606.ENSP00000297347,0.162,,0.8,0.983,,,,0.999,0.969,9606.ENSP00000292035,9606.ENSP00000297347
2.0,pp,9606.ENSP00000292035 (pp) 9606.ENSP00000481733,false,pp,9606.ENSP00000292035 (pp) 9606.ENSP00000481733,0.049,,0.8,0.985,,,,0.999,0.994,9606.ENSP00000292035,9606.ENSP00000481733
5.4099567099567105,pp,9606.ENSP00000292035 (pp) 9606.ENSP00000370938,false,pp,9606.ENSP00000292035 (pp) 9606.ENSP00000370938,0.048,,0.8,0.875,,,,0.987,0.533,9606.ENSP00000292035,9606.ENSP00000370938
26.5404761904762,pp,9606.ENSP00000292035 (pp) 9606.ENSP00000355094,false,pp,9606.ENSP00000292035 (pp) 9606.ENSP00000355094,0.083,,,0.994,,,,0.994,0.049,9606.ENSP00000292035,9606.ENSP00000355094
2.0,pp,9606.ENSP00000199814 (pp) 9606.ENSP00000318861,false,pp,9606.ENSP00000199814 (pp) 9606.ENSP00000318861,0.082,,,0.896,,,,0.931,0.333,9606.ENSP00000199814,9606.ENSP00000318861
2.0,pp,9606.ENSP00000199814 (pp) 9606.ENSP00000216252,false,pp,9606.ENSP00000199814 (pp) 9606.ENSP00000216252,0.063,,,0.899,,,,0.919,0.223,9606.ENSP00000199814,9606.ENSP00000216252
21.252380952380953,pp,9606.ENSP00000199814 (pp) 9606.ENSP00000215829,false,pp,9606.ENSP00000199814 (pp) 9606.ENSP00000215829,0.062,,0.9,0.967,,,,0.997,0.237,9606.ENSP00000199814,9606.ENSP00000215829
2.0,pp,9606.ENSP00000199814 (pp) 9606.ENSP00000412566,false,pp,9606.ENSP00000199814 (pp) 9606.ENSP00000412566,0.132,,0.9,0.899,,,,0.991,0.148,9606.ENSP00000199814,9606.ENSP00000412566
2.0,pp,9606.ENSP00000199814 (pp) 9606.ENSP00000221494,false,pp,9606.ENSP00000199814 (pp) 9606.ENSP00000221494,0.055,,,0.914,,,,0.951,0.447,9606.ENSP00000199814,9606.ENSP00000221494
8.766666666666667,pp,9606.ENSP00000199814 (pp) 9606.ENSP00000215793,false,pp,9606.ENSP00000199814 (pp) 9606.ENSP00000215793,0.063,,,0.913,,,,0.946,0.397,9606.ENSP00000199814,9606.ENSP00000215793
45.98095238095239,pp,9606.ENSP00000199814 (pp) 9606.ENSP00000392094,false,pp,9606.ENSP00000199814 (pp) 9606.ENSP00000392094,0.096,,0.9,0.994,,,,0.999,0.772,9606.ENSP00000199814,9606.ENSP00000392094
215.4314685314685,pp,9606.ENSP00000216122 (pp) 9606.ENSP00000392094,false,pp,9606.ENSP00000216122 (pp) 9606.ENSP00000392094,0.356,,,0.112,,,,0.404,,9606.ENSP00000216122,9606.ENSP00000392094
97.24401475717266,pp,9606.ENSP00000216122 (pp) 9606.ENSP00000224950,false,pp,9606.ENSP00000216122 (pp) 9606.ENSP00000224950,0.294,,,0.064,,,,0.478,0.274,9606.ENSP00000216122,9606.ENSP00000224950
67.25757575757575,pp,9606.ENSP00000216122 (pp) 9606.ENSP00000441953,false,pp,9606.ENSP00000216122 (pp) 9606.ENSP00000441953,0.118,,0.65,0.607,,,,0.976,0.831,9606.ENSP00000216122,9606.ENSP00000441953
35.66060606060606,pp,9606.ENSP00000216122 (pp) 9606.ENSP00000301019,false,pp,9606.ENSP00000216122 (pp) 9606.ENSP00000301019,0.936,,0.5,0.965,,,,0.999,0.917,9606.ENSP00000216122,9606.ENSP00000301019
67.25757575757575,pp,9606.ENSP00000216122 (pp) 9606.ENSP00000219097,false,pp,9606.ENSP00000216122 (pp) 9606.ENSP00000219097,0.357,,0.65,0.616,,,,0.975,0.746,9606.ENSP00000216122,9606.ENSP00000219097
26.5404761904762,pp,9606.ENSP00000355094 (pp) 9606.ENSP00000481733,false,pp,9606.ENSP00000355094 (pp) 9606.ENSP00000481733,,,,0.994,,,,0.994,,9606.ENSP00000355094,9606.ENSP00000481733
22.211904761904762,pp,9606.ENSP00000355094 (pp) 9606.ENSP00000363193,false,pp,9606.ENSP00000355094 (pp) 9606.ENSP00000363193,0.082,,,0.994,,,,0.994,0.066,9606.ENSP00000355094,9606.ENSP00000363193
8.766666666666667,pp,9606.ENSP00000215793 (pp) 9606.ENSP00000318861,false,pp,9606.ENSP00000215793 (pp) 9606.ENSP00000318861,0.525,,0.9,0.986,,,,0.999,0.92,9606.ENSP00000215793,9606.ENSP00000318861
8.766666666666667,pp,9606.ENSP00000215793 (pp) 9606.ENSP00000216252,false,pp,9606.ENSP00000215793 (pp) 9606.ENSP00000216252,0.215,,0.9,0.947,,,,0.998,0.78,9606.ENSP00000215793,9606.ENSP00000216252
24.164767688451896,pp,9606.ENSP00000215793 (pp) 9606.ENSP00000215829,false,pp,9606.ENSP00000215793 (pp) 9606.ENSP00000215829,0.18,,0.9,0.921,,,,0.995,0.378,9606.ENSP00000215793,9606.ENSP00000215829
8.766666666666667,pp,9606.ENSP00000215793 (pp) 9606.ENSP00000412566,false,pp,9606.ENSP00000215793 (pp) 9606.ENSP00000412566,0.498,,0.9,0.947,,,,0.997,0.307,9606.ENSP00000215793,9606.ENSP00000412566
8.766666666666667,pp,9606.ENSP00000215793 (pp) 9606.ENSP00000221494,false,pp,9606.ENSP00000215793 (pp) 9606.ENSP00000221494,0.197,,0.9,0.998,,,,0.999,0.999,9606.ENSP00000215793,9606.ENSP00000221494
36.76441102756892,pp,9606.ENSP00000215793 (pp) 9606.ENSP00000392094,false,pp,9606.ENSP00000215793 (pp) 9606.ENSP00000392094,0.384,,0.9,0.967,,,,0.999,0.587,9606.ENSP00000215793,9606.ENSP00000392094
65.72466743782533,pp,9606.ENSP00000215793 (pp) 9606.ENSP00000216122,false,pp,9606.ENSP00000215793 (pp) 9606.ENSP00000216122,0.194,,,0.42,,,,0.512,,9606.ENSP00000215793,9606.ENSP00000216122
8.374603174603173,pp,9606.ENSP00000222718 (pp) 9606.ENSP00000301067,false,pp,9606.ENSP00000222718 (pp) 9606.ENSP00000301067,,,0.5,,,,,0.533,0.105,9606.ENSP00000222718,9606.ENSP00000301067
22.279365079365075,pp,9606.ENSP00000222718 (pp) 9606.ENSP00000272645,false,pp,9606.ENSP00000222718 (pp) 9606.ENSP00000272645,,,0.5,,,,,0.499,,9606.ENSP00000222718,9606.ENSP00000272645
21.252380952380953,pp,9606.ENSP00000215829 (pp) 9606.ENSP00000221494,false,pp,9606.ENSP00000215829 (pp) 9606.ENSP00000221494,0.263,,0.9,0.981,,,,0.999,0.38,9606.ENSP00000215829,9606.ENSP00000221494
18.23717948717949,pp,9606.ENSP00000215829 (pp) 9606.ENSP00000392094,false,pp,9606.ENSP00000215829 (pp) 9606.ENSP00000392094,0.431,,0.9,0.996,,,,0.999,0.356,9606.ENSP00000215829,9606.ENSP00000392094
21.252380952380953,pp,9606.ENSP00000215829 (pp) 9606.ENSP00000318861,false,pp,9606.ENSP00000215829 (pp) 9606.ENSP00000318861,0.154,,0.9,0.977,,,,0.998,0.482,9606.ENSP00000215829,9606.ENSP00000318861
21.252380952380953,pp,9606.ENSP00000215829 (pp) 9606.ENSP00000216252,false,pp,9606.ENSP00000215829 (pp) 9606.ENSP00000216252,0.481,,0.9,0.895,,,,0.995,0.24,9606.ENSP00000215829,9606.ENSP00000216252
21.252380952380953,pp,9606.ENSP00000215829 (pp) 9606.ENSP00000412566,false,pp,9606.ENSP00000215829 (pp) 9606.ENSP00000412566,0.375,,0.9,0.996,,,,0.999,0.994,9606.ENSP00000215829,9606.ENSP00000412566
96.79903196218989,pp,9606.ENSP00000215829 (pp) 9606.ENSP00000219252,false,pp,9606.ENSP00000215829 (pp) 9606.ENSP00000219252,0.161,,,0.507,,,,0.707,0.35,9606.ENSP00000215829,9606.ENSP00000219252
86.92232913285542,pp,9606.ENSP00000215829 (pp) 9606.ENSP00000272645,false,pp,9606.ENSP00000215829 (pp) 9606.ENSP00000272645,0.162,,,0.507,,,,0.568,,9606.ENSP00000215829,9606.ENSP00000272645
216.9333333333333,pp,9606.ENSP00000371253 (pp) 9606.ENSP00000392094,false,pp,9606.ENSP00000371253 (pp) 9606.ENSP00000392094,0.283,,,0.124,,,,0.512,0.286,9606.ENSP00000371253,9606.ENSP00000392094
38.95238095238096,pp,9606.ENSP00000334122 (pp) 9606.ENSP00000410294,false,pp,9606.ENSP00000334122 (pp) 9606.ENSP00000410294,0.067,,0.9,0.447,,,,0.999,0.987,9606.ENSP00000334122,9606.ENSP00000410294
29.448936151567732,pp,9606.ENSP00000224950 (pp) 9606.ENSP00000258648,false,pp,9606.ENSP00000224950 (pp) 9606.ENSP00000258648,0.044,,,0.994,,,,0.994,,9606.ENSP00000224950,9606.ENSP00000258648
82.56666666666666,pp,9606.ENSP00000224950 (pp) 9606.ENSP00000301019,false,pp,9606.ENSP00000224950 (pp) 9606.ENSP00000301019,0.141,,,0.064,,,,0.484,0.41,9606.ENSP00000224950,9606.ENSP00000301019
26.50607900871059,pp,9606.ENSP00000224950 (pp) 9606.ENSP00000297347,false,pp,9606.ENSP00000224950 (pp) 9606.ENSP00000297347,,,,0.994,,,,0.994,,9606.ENSP00000224950,9606.ENSP00000297347
31.593069795701382,pp,9606.ENSP00000224950 (pp) 9606.ENSP00000363193,false,pp,9606.ENSP00000224950 (pp) 9606.ENSP00000363193,,,,0.994,,,,0.994,0.137,9606.ENSP00000224950,9606.ENSP00000363193
29.448936151567732,pp,9606.ENSP00000224950 (pp) 9606.ENSP00000481733,false,pp,9606.ENSP00000224950 (pp) 9606.ENSP00000481733,,,,0.994,,,,0.994,,9606.ENSP00000224950,9606.ENSP00000481733
29.44893615156773,pp,9606.ENSP00000224950 (pp) 9606.ENSP00000292035,false,pp,9606.ENSP00000224950 (pp) 9606.ENSP00000292035,0.056,,,0.994,,,,0.994,,9606.ENSP00000224950,9606.ENSP00000292035
76.21973581973582,pp,9606.ENSP00000224950 (pp) 9606.ENSP00000262241,false,pp,9606.ENSP00000224950 (pp) 9606.ENSP00000262241,,,,0.994,,,,0.994,,9606.ENSP00000224950,9606.ENSP00000262241
45.98095238095238,pp,9606.ENSP00000216252 (pp) 9606.ENSP00000392094,false,pp,9606.ENSP00000216252 (pp) 9606.ENSP00000392094,0.273,,0.9,0.907,,,,0.994,0.322,9606.ENSP00000216252,9606.ENSP00000392094
2.0,pp,9606.ENSP00000216252 (pp) 9606.ENSP00000221494,false,pp,9606.ENSP00000216252 (pp) 9606.ENSP00000221494,0.127,,0.9,0.998,,,,0.999,0.815,9606.ENSP00000216252,9606.ENSP00000221494
2.0,pp,9606.ENSP00000216252 (pp) 9606.ENSP00000412566,false,pp,9606.ENSP00000216252 (pp) 9606.ENSP00000412566,0.253,,0.9,0.925,,,,0.995,0.293,9606.ENSP00000216252,9606.ENSP00000412566
2.0,pp,9606.ENSP00000216252 (pp) 9606.ENSP00000318861,false,pp,9606.ENSP00000216252 (pp) 9606.ENSP00000318861,0.1,,0.9,0.996,,,,0.999,0.996,9606.ENSP00000216252,9606.ENSP00000318861
5.4099567099567105,pp,9606.ENSP00000370938 (pp) 9606.ENSP00000481733,false,pp,9606.ENSP00000370938 (pp) 9606.ENSP00000481733,,,0.9,0.879,,,,0.993,0.533,9606.ENSP00000370938,9606.ENSP00000481733
8.653383458646614,pp,9606.ENSP00000370938 (pp) 9606.ENSP00000417235,false,pp,9606.ENSP00000370938 (pp) 9606.ENSP00000417235,,,0.54,0.861,,,,0.995,0.932,9606.ENSP00000370938,9606.ENSP00000417235
28.000865800865803,pp,9606.ENSP00000301067 (pp) 9606.ENSP00000392028,false,pp,9606.ENSP00000301067 (pp) 9606.ENSP00000392028,0.077,,,0.081,,,,0.511,0.47,9606.ENSP00000301067,9606.ENSP00000392028
33.729531579531574,pp,9606.ENSP00000301067 (pp) 9606.ENSP00000363193,false,pp,9606.ENSP00000301067 (pp) 9606.ENSP00000363193,0.294,,,,,,,0.716,0.615,9606.ENSP00000301067,9606.ENSP00000363193
16.628195488721786,pp,9606.ENSP00000258648 (pp) 9606.ENSP00000417235,false,pp,9606.ENSP00000258648 (pp) 9606.ENSP00000417235,,,0.54,0.777,,,,0.915,0.245,9606.ENSP00000258648,9606.ENSP00000417235
5.4099567099567105,pp,9606.ENSP00000258648 (pp) 9606.ENSP00000370938,false,pp,9606.ENSP00000258648 (pp) 9606.ENSP00000370938,0.061,,0.9,0.865,,,,0.992,0.462,9606.ENSP00000258648,9606.ENSP00000370938
2.0,pp,9606.ENSP00000258648 (pp) 9606.ENSP00000292035,false,pp,9606.ENSP00000258648 (pp) 9606.ENSP00000292035,0.183,,0.8,0.975,,,,0.998,0.707,9606.ENSP00000258648,9606.ENSP00000292035
26.540476190476195,pp,9606.ENSP00000258648 (pp) 9606.ENSP00000355094,false,pp,9606.ENSP00000258648 (pp) 9606.ENSP00000355094,0.11,,,0.994,,,,0.994,,9606.ENSP00000258648,9606.ENSP00000355094
2.0,pp,9606.ENSP00000258648 (pp) 9606.ENSP00000481733,false,pp,9606.ENSP00000258648 (pp) 9606.ENSP00000481733,0.06,,0.9,0.975,,,,0.999,0.736,9606.ENSP00000258648,9606.ENSP00000481733
26.966685069316643,pp,9606.ENSP00000258648 (pp) 9606.ENSP00000272645,false,pp,9606.ENSP00000258648 (pp) 9606.ENSP00000272645,0.597,,,0.888,,,,0.959,0.168,9606.ENSP00000258648,9606.ENSP00000272645
8.887395937395938,pp,9606.ENSP00000258648 (pp) 9606.ENSP00000363193,false,pp,9606.ENSP00000258648 (pp) 9606.ENSP00000363193,0.217,,0.9,0.994,,,,0.999,0.667,9606.ENSP00000258648,9606.ENSP00000363193
2.7,pp,9606.ENSP00000258648 (pp) 9606.ENSP00000297347,false,pp,9606.ENSP00000258648 (pp) 9606.ENSP00000297347,0.434,,0.9,0.968,,,,0.999,0.666,9606.ENSP00000258648,9606.ENSP00000297347
73.42297702297704,pp,9606.ENSP00000323588 (pp) 9606.ENSP00000392028,false,pp,9606.ENSP00000323588 (pp) 9606.ENSP00000392028,0.078,,,0.607,,,,0.86,0.645,9606.ENSP00000323588,9606.ENSP00000392028
35.74761904761905,pp,9606.ENSP00000323588 (pp) 9606.ENSP00000334122,false,pp,9606.ENSP00000323588 (pp) 9606.ENSP00000334122,0.06,,,,,,,0.61,0.603,9606.ENSP00000323588,9606.ENSP00000334122
41.33422133422134,pp,9606.ENSP00000323588 (pp) 9606.ENSP00000410294,false,pp,9606.ENSP00000323588 (pp) 9606.ENSP00000410294,0.111,,,,,,,0.512,0.474,9606.ENSP00000323588,9606.ENSP00000410294
77.1190476190476,pp,9606.ENSP00000323588 (pp) 9606.ENSP00000355094,false,pp,9606.ENSP00000323588 (pp) 9606.ENSP00000355094,0.081,,,0.292,,,,0.504,0.3,9606.ENSP00000323588,9606.ENSP00000355094
14.742424242424242,pp,9606.ENSP00000301019 (pp) 9606.ENSP00000441953,false,pp,9606.ENSP00000301019 (pp) 9606.ENSP00000441953,0.099,,0.8,0.966,,,,0.999,0.93,9606.ENSP00000301019,9606.ENSP00000441953
38.882683982683986,pp,9606.ENSP00000392028 (pp) 9606.ENSP00000410294,false,pp,9606.ENSP00000392028 (pp) 9606.ENSP00000410294,,,,0.053,,,,0.475,0.469,9606.ENSP00000392028,9606.ENSP00000410294
147.3652347652348,pp,9606.ENSP00000392028 (pp) 9606.ENSP00000392094,false,pp,9606.ENSP00000392028 (pp) 9606.ENSP00000392094,0.061,,,0.095,,,,0.446,0.401,9606.ENSP00000392028,9606.ENSP00000392094
225.9666666666667,pp,9606.ENSP00000261733 (pp) 9606.ENSP00000371253,false,pp,9606.ENSP00000261733 (pp) 9606.ENSP00000371253,0.067,,0.114,,,,0.057,0.422,0.347,9606.ENSP00000261733,9606.ENSP00000371253
179.93333333333334,pp,9606.ENSP00000261733 (pp) 9606.ENSP00000323588,false,pp,9606.ENSP00000261733 (pp) 9606.ENSP00000323588,,,,0.296,,,,0.423,0.215,9606.ENSP00000261733,9606.ENSP00000323588
82.0,pp,9606.ENSP00000261733 (pp) 9606.ENSP00000440689,false,pp,9606.ENSP00000261733 (pp) 9606.ENSP00000440689,0.058,,0.138,0.045,,,,0.857,0.837,9606.ENSP00000261733,9606.ENSP00000440689
82.0,pp,9606.ENSP00000261733 (pp) 9606.ENSP00000426083,false,pp,9606.ENSP00000261733 (pp) 9606.ENSP00000426083,0.186,,0.707,,0.001,,0.048,0.989,0.959,9606.ENSP00000261733,9606.ENSP00000426083
82.0,pp,9606.ENSP00000261733 (pp) 9606.ENSP00000306606,false,pp,9606.ENSP00000261733 (pp) 9606.ENSP00000306606,0.147,,0.707,,0.001,,0.048,0.995,0.984,9606.ENSP00000261733,9606.ENSP00000306606
68.30000000000001,pp,9606.ENSP00000261733 (pp) 9606.ENSP00000379845,false,pp,9606.ENSP00000261733 (pp) 9606.ENSP00000379845,0.156,,0.918,0.099,,,0.055,0.945,0.209,9606.ENSP00000261733,9606.ENSP00000379845
2.0,pp,9606.ENSP00000221494 (pp) 9606.ENSP00000318861,false,pp,9606.ENSP00000221494 (pp) 9606.ENSP00000318861,0.134,,0.9,0.999,,,,0.999,0.951,9606.ENSP00000221494,9606.ENSP00000318861
2.0,pp,9606.ENSP00000221494 (pp) 9606.ENSP00000412566,false,pp,9606.ENSP00000221494 (pp) 9606.ENSP00000412566,0.143,,0.9,0.986,,,,0.999,0.282,9606.ENSP00000221494,9606.ENSP00000412566
45.98095238095238,pp,9606.ENSP00000221494 (pp) 9606.ENSP00000392094,false,pp,9606.ENSP00000221494 (pp) 9606.ENSP00000392094,0.166,,0.9,0.962,,,,0.998,0.519,9606.ENSP00000221494,9606.ENSP00000392094
14.742424242424242,pp,9606.ENSP00000219097 (pp) 9606.ENSP00000301019,false,pp,9606.ENSP00000219097 (pp) 9606.ENSP00000301019,0.266,,0.8,0.292,,,,0.997,0.982,9606.ENSP00000219097,9606.ENSP00000301019
2.0,pp,9606.ENSP00000219097 (pp) 9606.ENSP00000441953,false,pp,9606.ENSP00000219097 (pp) 9606.ENSP00000441953,0.113,,0.9,0.998,,,,0.999,0.998,9606.ENSP00000219097,9606.ENSP00000441953
67.25757575757575,pp,9606.ENSP00000209728 (pp) 9606.ENSP00000216122,false,pp,9606.ENSP00000209728 (pp) 9606.ENSP00000216122,0.731,,0.5,0.973,,,,0.999,0.923,9606.ENSP00000209728,9606.ENSP00000216122
2.0,pp,9606.ENSP00000209728 (pp) 9606.ENSP00000441953,false,pp,9606.ENSP00000209728 (pp) 9606.ENSP00000441953,0.1,,0.9,0.966,,,,0.999,0.922,9606.ENSP00000209728,9606.ENSP00000441953
2.0,pp,9606.ENSP00000209728 (pp) 9606.ENSP00000219097,false,pp,9606.ENSP00000209728 (pp) 9606.ENSP00000219097,0.261,,0.9,0.928,,,,0.999,0.989,9606.ENSP00000209728,9606.ENSP00000219097
14.742424242424242,pp,9606.ENSP00000209728 (pp) 9606.ENSP00000301019,false,pp,9606.ENSP00000209728 (pp) 9606.ENSP00000301019,0.88,,0.8,0.993,,,,0.999,0.998,9606.ENSP00000209728,9606.ENSP00000301019
13.483333333333336,pp,9606.ENSP00000219252 (pp) 9606.ENSP00000272645,false,pp,9606.ENSP00000219252 (pp) 9606.ENSP00000272645,0.072,,0.9,0.998,,,,0.999,0.982,9606.ENSP00000219252,9606.ENSP00000272645
52.77497853024169,pp,9606.ENSP00000219252 (pp) 9606.ENSP00000258648,false,pp,9606.ENSP00000219252 (pp) 9606.ENSP00000258648,0.127,,,0.883,,,,0.907,0.155,9606.ENSP00000219252,9606.ENSP00000258648
53.1702166254798,pp,9606.ENSP00000219252 (pp) 9606.ENSP00000297347,false,pp,9606.ENSP00000219252 (pp) 9606.ENSP00000297347,0.058,,,0.866,,,,0.895,0.239,9606.ENSP00000219252,9606.ENSP00000297347
123.73302574618364,pp,9606.ENSP00000219252 (pp) 9606.ENSP00000392094,false,pp,9606.ENSP00000219252 (pp) 9606.ENSP00000392094,0.638,,,0.194,,,0.095,0.769,0.23,9606.ENSP00000219252,9606.ENSP00000392094
55.34603174603172,pp,9606.ENSP00000219252 (pp) 9606.ENSP00000222718,false,pp,9606.ENSP00000219252 (pp) 9606.ENSP00000222718,,,0.5,,,,,0.502,0.046,9606.ENSP00000219252,9606.ENSP00000222718
22.906576756576754,pp,9606.ENSP00000219252 (pp) 9606.ENSP00000392028,false,pp,9606.ENSP00000219252 (pp) 9606.ENSP00000392028,0.044,,,0.306,,,0.043,0.513,0.324,9606.ENSP00000219252,9606.ENSP00000392028
52.7749785302417,pp,9606.ENSP00000219252 (pp) 9606.ENSP00000481733,false,pp,9606.ENSP00000219252 (pp) 9606.ENSP00000481733,0.113,,,0.893,,,,0.916,0.183,9606.ENSP00000219252,9606.ENSP00000481733
34.19445554445554,pp,9606.ENSP00000219252 (pp) 9606.ENSP00000301067,false,pp,9606.ENSP00000219252 (pp) 9606.ENSP00000301067,0.047,,0.5,,,,,0.534,0.102,9606.ENSP00000219252,9606.ENSP00000301067
52.77497853024169,pp,9606.ENSP00000219252 (pp) 9606.ENSP00000292035,false,pp,9606.ENSP00000219252 (pp) 9606.ENSP00000292035,0.082,,,0.899,,,,0.912,0.127,9606.ENSP00000219252,9606.ENSP00000292035
64.9980554533186,pp,9606.ENSP00000219252 (pp) 9606.ENSP00000370938,false,pp,9606.ENSP00000219252 (pp) 9606.ENSP00000370938,0.049,,,0.254,,,,0.514,0.371,9606.ENSP00000219252,9606.ENSP00000370938
131.7546287046287,pp,9606.ENSP00000219252 (pp) 9606.ENSP00000410294,false,pp,9606.ENSP00000219252 (pp) 9606.ENSP00000410294,,,0.5,,,,,0.499,,9606.ENSP00000219252,9606.ENSP00000410294
179.13333333333335,pp,9606.ENSP00000219252 (pp) 9606.ENSP00000371253,false,pp,9606.ENSP00000219252 (pp) 9606.ENSP00000371253,0.134,,,,,,0.045,0.438,0.376,9606.ENSP00000219252,9606.ENSP00000371253
9.787395937395939,pp,9606.ENSP00000297347 (pp) 9606.ENSP00000363193,false,pp,9606.ENSP00000297347 (pp) 9606.ENSP00000363193,0.118,,0.9,0.994,,,,0.999,0.754,9606.ENSP00000297347,9606.ENSP00000363193
2.7,pp,9606.ENSP00000297347 (pp) 9606.ENSP00000481733,false,pp,9606.ENSP00000297347 (pp) 9606.ENSP00000481733,0.042,,0.9,0.984,,,,0.999,0.772,9606.ENSP00000297347,9606.ENSP00000481733
4.624242424242424,pp,9606.ENSP00000297347 (pp) 9606.ENSP00000370938,false,pp,9606.ENSP00000297347 (pp) 9606.ENSP00000370938,0.049,,0.9,0.869,,,,0.997,0.805,9606.ENSP00000297347,9606.ENSP00000370938
14.282957393483693,pp,9606.ENSP00000297347 (pp) 9606.ENSP00000417235,false,pp,9606.ENSP00000297347 (pp) 9606.ENSP00000417235,,,0.54,0.197,,,,0.715,0.291,9606.ENSP00000297347,9606.ENSP00000417235
95.69999999999999,pp,9606.ENSP00000264220 (pp) 9606.ENSP00000371253,false,pp,9606.ENSP00000264220 (pp) 9606.ENSP00000371253,0.967,0.288,0.984,0.299,0.672,,0.356,0.999,0.978,9606.ENSP00000264220,9606.ENSP00000371253
4.0,pp,9606.ENSP00000264220 (pp) 9606.ENSP00000313490,false,pp,9606.ENSP00000264220 (pp) 9606.ENSP00000313490,0.117,,,0.215,,,,0.987,0.983,9606.ENSP00000264220,9606.ENSP00000313490
35.3,pp,9606.ENSP00000264220 (pp) 9606.ENSP00000379845,false,pp,9606.ENSP00000264220 (pp) 9606.ENSP00000379845,0.047,,,,,,0.045,0.467,0.462,9606.ENSP00000264220,9606.ENSP00000379845
38.95238095238094,pp,9606.ENSP00000215530 (pp) 9606.ENSP00000410294,false,pp,9606.ENSP00000215530 (pp) 9606.ENSP00000410294,,,0.9,0.296,,,,0.999,0.99,9606.ENSP00000215530,9606.ENSP00000410294
7.3000000000000025,pp,9606.ENSP00000215530 (pp) 9606.ENSP00000242261,false,pp,9606.ENSP00000215530 (pp) 9606.ENSP00000242261,0.086,,,,,,,0.427,0.399,9606.ENSP00000215530,9606.ENSP00000242261
35.74761904761905,pp,9606.ENSP00000215530 (pp) 9606.ENSP00000323588,false,pp,9606.ENSP00000215530 (pp) 9606.ENSP00000323588,,,,,,,,0.589,0.589,9606.ENSP00000215530,9606.ENSP00000323588
2.0,pp,9606.ENSP00000215530 (pp) 9606.ENSP00000334122,false,pp,9606.ENSP00000215530 (pp) 9606.ENSP00000334122,0.054,0.063,0.4,,,,,0.712,0.523,9606.ENSP00000215530,9606.ENSP00000334122
26.966685069316647,pp,9606.ENSP00000272645 (pp) 9606.ENSP00000292035,false,pp,9606.ENSP00000272645 (pp) 9606.ENSP00000292035,0.076,,,0.883,,,,0.894,0.091,9606.ENSP00000272645,9606.ENSP00000292035
70.94503274503275,pp,9606.ENSP00000272645 (pp) 9606.ENSP00000410294,false,pp,9606.ENSP00000272645 (pp) 9606.ENSP00000410294,,,0.5,,,,,0.499,,9606.ENSP00000272645,9606.ENSP00000410294
13.426273726273728,pp,9606.ENSP00000272645 (pp) 9606.ENSP00000301067,false,pp,9606.ENSP00000272645 (pp) 9606.ENSP00000301067,0.042,,0.5,,,,,0.517,0.074,9606.ENSP00000272645,9606.ENSP00000301067
26.966685069316647,pp,9606.ENSP00000272645 (pp) 9606.ENSP00000481733,false,pp,9606.ENSP00000272645 (pp) 9606.ENSP00000481733,0.06,,,0.897,,,,0.905,0.1,9606.ENSP00000272645,9606.ENSP00000481733
19.536013986013984,pp,9606.ENSP00000272645 (pp) 9606.ENSP00000392028,false,pp,9606.ENSP00000272645 (pp) 9606.ENSP00000392028,0.049,,,0.297,,,,0.406,0.184,9606.ENSP00000272645,9606.ENSP00000392028
25.93811364074522,pp,9606.ENSP00000272645 (pp) 9606.ENSP00000297347,false,pp,9606.ENSP00000272645 (pp) 9606.ENSP00000297347,0.104,,,0.849,,,,0.873,0.141,9606.ENSP00000272645,9606.ENSP00000297347
21.252380952380953,pp,9606.ENSP00000156471 (pp) 9606.ENSP00000215829,false,pp,9606.ENSP00000156471 (pp) 9606.ENSP00000215829,0.058,,0.9,0.97,,,,0.997,0.159,9606.ENSP00000156471,9606.ENSP00000215829
2.0,pp,9606.ENSP00000156471 (pp) 9606.ENSP00000412566,false,pp,9606.ENSP00000156471 (pp) 9606.ENSP00000412566,0.099,,0.9,0.966,,,,0.996,,9606.ENSP00000156471,9606.ENSP00000412566
2.0,pp,9606.ENSP00000156471 (pp) 9606.ENSP00000199814,false,pp,9606.ENSP00000156471 (pp) 9606.ENSP00000199814,0.074,,0.9,0.99,,,,0.999,0.288,9606.ENSP00000156471,9606.ENSP00000199814
2.0,pp,9606.ENSP00000156471 (pp) 9606.ENSP00000318861,false,pp,9606.ENSP00000156471 (pp) 9606.ENSP00000318861,0.084,,,0.8,,,,0.808,,9606.ENSP00000156471,9606.ENSP00000318861
2.0,pp,9606.ENSP00000156471 (pp) 9606.ENSP00000216252,false,pp,9606.ENSP00000156471 (pp) 9606.ENSP00000216252,0.064,,,0.8,,,,0.804,,9606.ENSP00000156471,9606.ENSP00000216252
45.98095238095239,pp,9606.ENSP00000156471 (pp) 9606.ENSP00000392094,false,pp,9606.ENSP00000156471 (pp) 9606.ENSP00000392094,0.217,,0.9,0.997,,,,0.999,0.479,9606.ENSP00000156471,9606.ENSP00000392094
2.0,pp,9606.ENSP00000156471 (pp) 9606.ENSP00000221494,false,pp,9606.ENSP00000156471 (pp) 9606.ENSP00000221494,0.057,,,0.879,,,,0.883,0.063,9606.ENSP00000156471,9606.ENSP00000221494
8.766666666666667,pp,9606.ENSP00000156471 (pp) 9606.ENSP00000215793,false,pp,9606.ENSP00000156471 (pp) 9606.ENSP00000215793,0.155,,,0.832,,,,0.88,0.222,9606.ENSP00000156471,9606.ENSP00000215793
86.0,pp,9606.ENSP00000355988 (pp) 9606.ENSP00000410294,false,pp,9606.ENSP00000355988 (pp) 9606.ENSP00000410294,0.083,,,0.045,,,,0.415,0.386,9606.ENSP00000355988,9606.ENSP00000410294
2.0,pp,9606.ENSP00000426083 (pp) 9606.ENSP00000440689,false,pp,9606.ENSP00000426083 (pp) 9606.ENSP00000440689,0.132,,0.9,,,,0.042,0.965,0.637,9606.ENSP00000426083,9606.ENSP00000440689
16.628195488721786,pp,9606.ENSP00000417235 (pp) 9606.ENSP00000481733,false,pp,9606.ENSP00000417235 (pp) 9606.ENSP00000481733,,,0.54,0.787,,,,0.94,0.437,9606.ENSP00000417235,9606.ENSP00000481733
58.0,pp,9606.ENSP00000242261 (pp) 9606.ENSP00000392028,false,pp,9606.ENSP00000242261 (pp) 9606.ENSP00000392028,,,,,,,,0.612,0.612,9606.ENSP00000242261,9606.ENSP00000392028
23.75,pp,9606.ENSP00000242261 (pp) 9606.ENSP00000323588,false,pp,9606.ENSP00000242261 (pp) 9606.ENSP00000323588,0.075,,0.4,0.296,,,,0.882,0.735,9606.ENSP00000242261,9606.ENSP00000323588
14.15,pp,9606.ENSP00000242261 (pp) 9606.ENSP00000410294,false,pp,9606.ENSP00000242261 (pp) 9606.ENSP00000410294,0.057,,,,,,,0.88,0.878,9606.ENSP00000242261,9606.ENSP00000410294
7.3,pp,9606.ENSP00000242261 (pp) 9606.ENSP00000334122,false,pp,9606.ENSP00000242261 (pp) 9606.ENSP00000334122,0.067,,,,,,,0.416,0.401,9606.ENSP00000242261,9606.ENSP00000334122
45.98095238095238,pp,9606.ENSP00000392094 (pp) 9606.ENSP00000412566,false,pp,9606.ENSP00000392094 (pp) 9606.ENSP00000412566,0.245,,0.9,0.98,,,,0.999,0.543,9606.ENSP00000392094,9606.ENSP00000412566
82.0,pp,9606.ENSP00000313490 (pp) 9606.ENSP00000371253,false,pp,9606.ENSP00000313490 (pp) 9606.ENSP00000371253,0.23,,0.926,0.456,0.023,,,0.999,0.977,9606.ENSP00000313490,9606.ENSP00000371253
8.887395937395937,pp,9606.ENSP00000363193 (pp) 9606.ENSP00000481733,false,pp,9606.ENSP00000363193 (pp) 9606.ENSP00000481733,,,0.9,0.994,,,,0.999,0.547,9606.ENSP00000363193,9606.ENSP00000481733
11.790126540126538,pp,9606.ENSP00000363193 (pp) 9606.ENSP00000370938,false,pp,9606.ENSP00000363193 (pp) 9606.ENSP00000370938,0.067,,0.9,0.931,,,,0.999,0.999,9606.ENSP00000363193,9606.ENSP00000370938
13.179072681704255,pp,9606.ENSP00000363193 (pp) 9606.ENSP00000417235,false,pp,9606.ENSP00000363193 (pp) 9606.ENSP00000417235,,0.062,0.54,0.326,,,,0.696,0.079,9606.ENSP00000363193,9606.ENSP00000417235
2.0,pp,9606.ENSP00000348848 (pp) 9606.ENSP00000366475,false,pp,9606.ENSP00000348848 (pp) 9606.ENSP00000366475,0.064,,,0.784,,,,0.998,0.993,9606.ENSP00000348848,9606.ENSP00000366475
98.42148407148409,pp,9606.ENSP00000262241 (pp) 9606.ENSP00000323588,false,pp,9606.ENSP00000262241 (pp) 9606.ENSP00000323588,,,,0.18,,,,0.474,0.385,9606.ENSP00000262241,9606.ENSP00000323588
30.038578088578088,pp,9606.ENSP00000262241 (pp) 9606.ENSP00000363193,false,pp,9606.ENSP00000262241 (pp) 9606.ENSP00000363193,0.079,,,0.994,,,,0.995,0.204,9606.ENSP00000262241,9606.ENSP00000363193
2.0,pp,9606.ENSP00000306606 (pp) 9606.ENSP00000440689,false,pp,9606.ENSP00000306606 (pp) 9606.ENSP00000440689,0.145,,0.9,,,,0.042,0.988,0.877,9606.ENSP00000306606,9606.ENSP00000440689
2.0,pp,9606.ENSP00000306606 (pp) 9606.ENSP00000426083,false,pp,9606.ENSP00000306606 (pp) 9606.ENSP00000426083,0.478,0.047,0.9,0.621,,,,0.986,0.378,9606.ENSP00000306606,9606.ENSP00000426083
45.98095238095238,pp,9606.ENSP00000318861 (pp) 9606.ENSP00000392094,false,pp,9606.ENSP00000318861 (pp) 9606.ENSP00000392094,0.28,,0.9,0.965,,,,0.999,0.778,9606.ENSP00000318861,9606.ENSP00000392094
2.0,pp,9606.ENSP00000318861 (pp) 9606.ENSP00000412566,false,pp,9606.ENSP00000318861 (pp) 9606.ENSP00000412566,0.245,,0.9,0.936,,,,0.997,0.624,9606.ENSP00000318861,9606.ENSP00000412566
